{
    "transform": [
        [
            0.959351122379303,
            0.2353154420852661,
            0.1557948887348175,
            0.011415630578994751
        ],
        [
            0.1557948887348175,
            -0.9018933176994324,
            0.4028850793838501,
            -0.0044664074666798115
        ],
        [
            0.2353154420852661,
            -0.3622362017631531,
            -0.9018933176994324,
            0.06539247930049896
        ]
    ],
    "scale": 0.23217044703244127
}